gene	ct	date	initials	cell_line	note
AADC	32.65	2024/11/13	PTTV	UKBi011_A_184_E11	
AADC	31.555	2024/11/13	PTTV	UKBi011_A_184_E11	
ACTB_v2	17.64	2024/11/08	PTTV	UKBi011_A_184_E11	
ACTB_v2	18.235	2024/11/08	PTTV	UKBi011_A_184_E11	
AIF1.IBA1	28.07	2024/11/14	PTTV	UKBi011_A_184_E11	
AIF1.IBA1	27.85	2024/11/14	PTTV	UKBi011_A_184_E11	
ALCAM	24.575	2024/11/14	PTTV	UKBi011_A_184_E11	
ALCAM	26.565	2024/11/14	PTTV	UKBi011_A_184_E11	
ALK.1	33.725	2024/11/08	PTTV	UKBi011_A_184_E11	
ALK.1	35	2024/11/08	PTTV	UKBi011_A_184_E11	
AP.1	29.395	2024/11/08	PTTV	UKBi011_A_184_E11	
AP.1	28.845	2024/11/08	PTTV	UKBi011_A_184_E11	
APCDD1	29.38	2024/11/14	PTTV	UKBi011_A_184_E11	
APCDD1	29.01	2024/11/14	PTTV	UKBi011_A_184_E11	
AQP4	29.285	2024/11/08	PTTV	UKBi011_A_184_E11	
AQP4	35	2024/11/08	PTTV	UKBi011_A_184_E11	
BARHL1	35	2024/11/13	PTTV	UKBi011_A_184_E11	
BARHL1	34.78	2024/11/13	PTTV	UKBi011_A_184_E11	
BARHL2	34.265	2024/11/13	PTTV	UKBi011_A_184_E11	
BARHL2	34.21	2024/11/13	PTTV	UKBi011_A_184_E11	
BCL11B.CTIP2	26.735	2024/11/08	PTTV	UKBi011_A_184_E11	
BCL11B.CTIP2	26.595	2024/11/08	PTTV	UKBi011_A_184_E11	
BRN2A	35	2024/11/08	PTTV	UKBi011_A_184_E11	
CALB1	25.655	2024/11/13	PTTV	UKBi011_A_184_E11	
CALB1	25.145	2024/11/13	PTTV	UKBi011_A_184_E11	
CALB2	28.04	2024/11/13	PTTV	UKBi011_A_184_E11	
CALB2	27.8	2024/11/13	PTTV	UKBi011_A_184_E11	
CCR2	35	2024/11/14	PTTV	UKBi011_A_184_E11	
CD44	25.865	2024/11/14	PTTV	UKBi011_A_184_E11	
CD44	26.625	2024/11/14	PTTV	UKBi011_A_184_E11	
CD45	31.625	2024/11/14	PTTV	UKBi011_A_184_E11	
CD45	33.355	2024/11/14	PTTV	UKBi011_A_184_E11	
CD47	24.775	2024/11/14	PTTV	UKBi011_A_184_E11	
CD47	24.965	2024/11/14	PTTV	UKBi011_A_184_E11	
CD68	28.825	2024/11/14	PTTV	UKBi011_A_184_E11	
CD68	29.97	2024/11/14	PTTV	UKBi011_A_184_E11	
CD83	27.1	2024/11/14	PTTV	UKBi011_A_184_E11	
CD83	28.89	2024/11/14	PTTV	UKBi011_A_184_E11	
CDK6	24.74	2024/11/13	PTTV	UKBi011_A_184_E11	
CDK6	24.39	2024/11/13	PTTV	UKBi011_A_184_E11	
CHAT_v8	35	2024/11/13	PTTV	UKBi011_A_184_E11	
CHAT_v8	33.75	2024/11/13	PTTV	UKBi011_A_184_E11	
CHRM1_v1	35	2024/11/13	PTTV	UKBi011_A_184_E11	
CHRM4	31.93	2024/11/08	PTTV	UKBi011_A_184_E11	
CHRM4	32.625	2024/11/08	PTTV	UKBi011_A_184_E11	
CNTFR	29.51	2024/11/13	PTTV	UKBi011_A_184_E11	
CNTFR	29.225	2024/11/13	PTTV	UKBi011_A_184_E11	
CNTN2	34.48	2024/11/14	PTTV	UKBi011_A_184_E11	
CNTN2	35	2024/11/14	PTTV	UKBi011_A_184_E11	
COL1A1	24.52	2024/11/14	PTTV	UKBi011_A_184_E11	
COL1A1	23.2	2024/11/14	PTTV	UKBi011_A_184_E11	
CORIN	31.79	2024/11/13	PTTV	UKBi011_A_184_E11	
CORIN	31.3	2024/11/13	PTTV	UKBi011_A_184_E11	
CPE	26.635	2024/11/14	PTTV	UKBi011_A_184_E11	
CPE	27.135	2024/11/14	PTTV	UKBi011_A_184_E11	
CSF1R	34.205	2024/11/14	PTTV	UKBi011_A_184_E11	
CSF1R	35	2024/11/14	PTTV	UKBi011_A_184_E11	
CUX1	35	2024/11/08	PTTV	UKBi011_A_184_E11	
CUX1	31.415	2024/11/08	PTTV	UKBi011_A_184_E11	
CX3CR1	33.65	2024/11/14	PTTV	UKBi011_A_184_E11	
CX3CR1	32.935	2024/11/14	PTTV	UKBi011_A_184_E11	
DBX1	34.11	2024/11/13	PTTV	UKBi011_A_184_E11	
DBX1	33.96	2024/11/13	PTTV	UKBi011_A_184_E11	
DCX	28.03	2024/11/13	PTTV	UKBi011_A_184_E11	
DCX	26.98	2024/11/13	PTTV	UKBi011_A_184_E11	
DLK1	30.875	2024/11/13	PTTV	UKBi011_A_184_E11	
DLK1	30.905	2024/11/13	PTTV	UKBi011_A_184_E11	
DLX1_v2	35	2024/11/13	PTTV	UKBi011_A_184_E11	
DLX2	29.52	2024/11/08	PTTV	UKBi011_A_184_E11	
DLX2	28.405	2024/11/08	PTTV	UKBi011_A_184_E11	
DLX5_v2	35	2024/11/13	PTTV	UKBi011_A_184_E11	
DLX5_v2	34.56	2024/11/13	PTTV	UKBi011_A_184_E11	
EMX1	29.885	2024/11/08	PTTV	UKBi011_A_184_E11	
EMX1	31.54	2024/11/08	PTTV	UKBi011_A_184_E11	
EN1	35	2024/11/13	PTTV	UKBi011_A_184_E11	
EN1	35	2024/11/13	PTTV	UKBi011_A_184_E11	
EN2	35	2024/11/13	PTTV	UKBi011_A_184_E11	
ERBB4	33.165	2024/11/13	PTTV	UKBi011_A_184_E11	
ERBB4	31.01	2024/11/13	PTTV	UKBi011_A_184_E11	
ETV5	25.355	2024/11/13	PTTV	UKBi011_A_184_E11	
ETV5	26.27	2024/11/13	PTTV	UKBi011_A_184_E11	
FEZF1	23.83	2024/11/13	PTTV	UKBi011_A_184_E11	
FEZF1	23.975	2024/11/13	PTTV	UKBi011_A_184_E11	
FGF8	30.58	2024/11/13	PTTV	UKBi011_A_184_E11	
FGF8	35	2024/11/13	PTTV	UKBi011_A_184_E11	
FOLR1	30.185	2024/11/14	PTTV	UKBi011_A_184_E11	
FOLR1	29.825	2024/11/14	PTTV	UKBi011_A_184_E11	
FOXA1	35	2024/11/13	PTTV	UKBi011_A_184_E11	
FOXA1	35	2024/11/13	PTTV	UKBi011_A_184_E11	
FOXA2	32.2	2024/11/13	PTTV	UKBi011_A_184_E11	
FOXA2	35	2024/11/13	PTTV	UKBi011_A_184_E11	
FOXG1	30.65	2024/11/08	PTTV	UKBi011_A_184_E11	
FOXG1	30.54	2024/11/08	PTTV	UKBi011_A_184_E11	
FOXG1_v2	32.765	2024/11/14	PTTV	UKBi011_A_184_E11	
FOXG1_v2	30.15	2024/11/14	PTTV	UKBi011_A_184_E11	
FOXP1	25.27	2024/11/08	PTTV	UKBi011_A_184_E11	
FOXP1	25.1	2024/11/08	PTTV	UKBi011_A_184_E11	
GABRA2	28.085	2024/11/08	PTTV	UKBi011_A_184_E11	
GABRA2	27.915	2024/11/08	PTTV	UKBi011_A_184_E11	
GAD67	31.76	2024/11/08	PTTV	UKBi011_A_184_E11	
GAD67	30.9	2024/11/08	PTTV	UKBi011_A_184_E11	
GAPDH	19.525	2024/11/08	PTTV	UKBi011_A_184_E11	
GAPDH	19.255	2024/11/08	PTTV	UKBi011_A_184_E11	
GBX1	31.38	2024/11/13	PTTV	UKBi011_A_184_E11	
GBX1	31.025	2024/11/13	PTTV	UKBi011_A_184_E11	
GBX2	35	2024/11/13	PTTV	UKBi011_A_184_E11	
GBX2	31.93	2024/11/13	PTTV	UKBi011_A_184_E11	
GDF7	35	2024/11/13	PTTV	UKBi011_A_184_E11	
GDF7	34.08	2024/11/13	PTTV	UKBi011_A_184_E11	
GRIN1	35	2024/11/08	PTTV	UKBi011_A_184_E11	
GRIN1	35	2024/11/08	PTTV	UKBi011_A_184_E11	
GRIN2B	34.78	2024/11/08	PTTV	UKBi011_A_184_E11	
GRIN2B	35	2024/11/08	PTTV	UKBi011_A_184_E11	
HES5	35	2024/11/08	PTTV	UKBi011_A_184_E11	
HES5	35	2024/11/08	PTTV	UKBi011_A_184_E11	
HOXA1	30.535	2024/11/13	PTTV	UKBi011_A_184_E11	
HOXA1	29.05	2024/11/13	PTTV	UKBi011_A_184_E11	
HOXA2	34.405	2024/11/13	PTTV	UKBi011_A_184_E11	
HOXA2	32.165	2024/11/13	PTTV	UKBi011_A_184_E11	
HOXA3	35	2024/11/13	PTTV	UKBi011_A_184_E11	
HOXB1	35	2024/11/13	PTTV	UKBi011_A_184_E11	
IGF1R_v2	30.64	2024/11/08	PTTV	UKBi011_A_184_E11	
IGF1R_v2	32.025	2024/11/08	PTTV	UKBi011_A_184_E11	
IRF8	29.645	2024/11/14	PTTV	UKBi011_A_184_E11	
IRF8	29.205	2024/11/14	PTTV	UKBi011_A_184_E11	
IRX3	33.95	2024/11/13	PTTV	UKBi011_A_184_E11	
IRX3	33.62	2024/11/13	PTTV	UKBi011_A_184_E11	
ISL1	30.725	2024/11/08	PTTV	UKBi011_A_184_E11	
ISL1	32.125	2024/11/08	PTTV	UKBi011_A_184_E11	
ITGAM.CD11b	31.735	2024/11/14	PTTV	UKBi011_A_184_E11	
ITGAM.CD11b	30.69	2024/11/14	PTTV	UKBi011_A_184_E11	
LGI1_v2	35	2024/11/14	PTTV	UKBi011_A_184_E11	
LHX1	31.25	2024/11/13	PTTV	UKBi011_A_184_E11	
LHX1	32.105	2024/11/13	PTTV	UKBi011_A_184_E11	
LHX2	35	2024/11/13	PTTV	UKBi011_A_184_E11	
LHX2	35	2024/11/13	PTTV	UKBi011_A_184_E11	
LHX6	34.75	2024/11/08	PTTV	UKBi011_A_184_E11	
LHX6	34.145	2024/11/08	PTTV	UKBi011_A_184_E11	
LHX8	30.94	2024/11/08	PTTV	UKBi011_A_184_E11	
LHX8	32.255	2024/11/08	PTTV	UKBi011_A_184_E11	
LMX1A	35	2024/11/13	PTTV	UKBi011_A_184_E11	
LRTM1	27.73	2024/11/14	PTTV	UKBi011_A_184_E11	
LRTM1	28.445	2024/11/14	PTTV	UKBi011_A_184_E11	
MAF	28.205	2024/11/13	PTTV	UKBi011_A_184_E11	
MAF	28.345	2024/11/13	PTTV	UKBi011_A_184_E11	
MAP2	25.19	2024/11/08	PTTV	UKBi011_A_184_E11	
MAP2	25.085	2024/11/08	PTTV	UKBi011_A_184_E11	
MASH1	32.605	2024/11/08	PTTV	UKBi011_A_184_E11	
MASH1	32.49	2024/11/08	PTTV	UKBi011_A_184_E11	
MEF2C	29.285	2024/11/13	PTTV	UKBi011_A_184_E11	
MEF2C	29.32	2024/11/13	PTTV	UKBi011_A_184_E11	
MEIS1	31.92	2024/11/08	PTTV	UKBi011_A_184_E11	
MEIS1	31.79	2024/11/08	PTTV	UKBi011_A_184_E11	
MERTK	26.07	2024/11/14	PTTV	UKBi011_A_184_E11	
MERTK	25.96	2024/11/14	PTTV	UKBi011_A_184_E11	
NCAM1	35	2024/11/13	PTTV	UKBi011_A_184_E11	
NCAM1	27.865	2024/11/13	PTTV	UKBi011_A_184_E11	
NGN.2	35	2024/11/08	PTTV	UKBi011_A_184_E11	
NKX2-1	35	2024/11/08	PTTV	UKBi011_A_184_E11	
NKX2-2	35	2024/11/14	PTTV	UKBi011_A_184_E11	
NKX2-2	35	2024/11/14	PTTV	UKBi011_A_184_E11	
NKX2-4	31.245	2024/11/14	PTTV	UKBi011_A_184_E11	
NKX2-4	31.315	2024/11/14	PTTV	UKBi011_A_184_E11	
NKX6-1	33.09	2024/11/14	PTTV	UKBi011_A_184_E11	
NKX6-1	33.125	2024/11/14	PTTV	UKBi011_A_184_E11	
NOTCH1	29.89	2024/11/08	PTTV	UKBi011_A_184_E11	
NOTCH1	31.45	2024/11/08	PTTV	UKBi011_A_184_E11	
NPY	29.49	2024/11/08	PTTV	UKBi011_A_184_E11	
NPY	30.86	2024/11/08	PTTV	UKBi011_A_184_E11	
NR2F2	35	2024/11/13	PTTV	UKBi011_A_184_E11	
NURR1	30.29	2024/11/14	PTTV	UKBi011_A_184_E11	
NURR1	30.505	2024/11/14	PTTV	UKBi011_A_184_E11	
NESTIN	29.99	2024/11/08	PTTV	UKBi011_A_184_E11	
NESTIN	31.82	2024/11/08	PTTV	UKBi011_A_184_E11	
OLIG2	34.635	2024/11/08	PTTV	UKBi011_A_184_E11	
OLIG2	35	2024/11/08	PTTV	UKBi011_A_184_E11	
OTP	35	2024/11/08	PTTV	UKBi011_A_184_E11	
OTP	34.12	2024/11/08	PTTV	UKBi011_A_184_E11	
OTX1	31.04	2024/11/14	PTTV	UKBi011_A_184_E11	
OTX1	30.84	2024/11/14	PTTV	UKBi011_A_184_E11	
OTX2	26.65	2024/11/08	PTTV	UKBi011_A_184_E11	
OTX2	25.155	2024/11/08	PTTV	UKBi011_A_184_E11	
P2RY12	27.875	2024/11/14	PTTV	UKBi011_A_184_E11	
P2RY12	28.175	2024/11/14	PTTV	UKBi011_A_184_E11	
P75_v2	27.785	2024/11/13	PTTV	UKBi011_A_184_E11	
P75_v2	27.94	2024/11/13	PTTV	UKBi011_A_184_E11	
PAX5	34.365	2024/11/14	PTTV	UKBi011_A_184_E11	
PAX5	32.795	2024/11/14	PTTV	UKBi011_A_184_E11	
PAX6	30.145	2024/11/08	PTTV	UKBi011_A_184_E11	
PAX6	28.46	2024/11/08	PTTV	UKBi011_A_184_E11	
PAX7	33.91	2024/11/14	PTTV	UKBi011_A_184_E11	
PAX7	32.575	2024/11/14	PTTV	UKBi011_A_184_E11	
PAX8	34.505	2024/11/14	PTTV	UKBi011_A_184_E11	
PAX8	35	2024/11/14	PTTV	UKBi011_A_184_E11	
PDGFC	27.835	2024/11/14	PTTV	UKBi011_A_184_E11	
PDGFC	28.185	2024/11/14	PTTV	UKBi011_A_184_E11	
PITX2	31.89	2024/11/14	PTTV	UKBi011_A_184_E11	
PITX2	32.38	2024/11/14	PTTV	UKBi011_A_184_E11	
PU.1	35	2024/11/14	PTTV	UKBi011_A_184_E11	
PU.1	34.155	2024/11/14	PTTV	UKBi011_A_184_E11	
PVALB_v2	30.775	2024/11/13	PTTV	UKBi011_A_184_E11	
PVALB_v2	29.455	2024/11/13	PTTV	UKBi011_A_184_E11	
RAX	35	2024/11/08	PTTV	UKBi011_A_184_E11	
RAX	33.93	2024/11/08	PTTV	UKBi011_A_184_E11	
RELN	34.01	2024/11/13	PTTV	UKBi011_A_184_E11	
RELN	34.125	2024/11/13	PTTV	UKBi011_A_184_E11	
SATB2	30.745	2024/11/08	PTTV	UKBi011_A_184_E11	
SATB2	31.695	2024/11/08	PTTV	UKBi011_A_184_E11	
SERPINF1_v2	24.46	2024/11/14	PTTV	UKBi011_A_184_E11	
SERPINF1_v2	24.775	2024/11/14	PTTV	UKBi011_A_184_E11	
SHH	35	2024/11/14	PTTV	UKBi011_A_184_E11	
SIX3	28.8	2024/11/14	PTTV	UKBi011_A_184_E11	
SIX3	29.14	2024/11/14	PTTV	UKBi011_A_184_E11	
SIX6	30.015	2024/11/14	PTTV	UKBi011_A_184_E11	
SIX6	30.245	2024/11/14	PTTV	UKBi011_A_184_E11	
SLC39A8	24.94	2024/11/14	PTTV	UKBi011_A_184_E11	
SLC39A8	25.61	2024/11/14	PTTV	UKBi011_A_184_E11	
SLC5a7	35	2024/11/08	PTTV	UKBi011_A_184_E11	
SLC5a8	31.155	2024/11/08	PTTV	UKBi011_A_184_E11	
SLC5a8	32.755	2024/11/08	PTTV	UKBi011_A_184_E11	
SNAP25v2	29.97	2024/11/13	PTTV	UKBi011_A_184_E11	
SNAP25v2	29.81	2024/11/13	PTTV	UKBi011_A_184_E11	
SOX1	32.855	2024/11/14	PTTV	UKBi011_A_184_E11	
SOX1	31.805	2024/11/14	PTTV	UKBi011_A_184_E11	
SOX10	30.025	2024/11/14	PTTV	UKBi011_A_184_E11	
SOX10	28.71	2024/11/14	PTTV	UKBi011_A_184_E11	
SOX9	27.125	2024/11/08	PTTV	UKBi011_A_184_E11	
SOX9	26.105	2024/11/08	PTTV	UKBi011_A_184_E11	
SP8	29.65	2024/11/13	PTTV	UKBi011_A_184_E11	
SP8	28.15	2024/11/13	PTTV	UKBi011_A_184_E11	
SST	31.185	2024/11/08	PTTV	UKBi011_A_184_E11	
SST	32.23	2024/11/08	PTTV	UKBi011_A_184_E11	
SYN1	25.25	2024/11/08	PTTV	UKBi011_A_184_E11	
SYN1	25.66	2024/11/08	PTTV	UKBi011_A_184_E11	
SYP	26.83	2024/11/08	PTTV	UKBi011_A_184_E11	
SYP	26.295	2024/11/08	PTTV	UKBi011_A_184_E11	
TA1	35	2024/11/08	PTTV	UKBi011_A_184_E11	
TA1	35	2024/11/08	PTTV	UKBi011_A_184_E11	
TBR1	35	2024/11/08	PTTV	UKBi011_A_184_E11	
TBR1	35	2024/11/08	PTTV	UKBi011_A_184_E11	
TBR2	32.575	2024/11/08	PTTV	UKBi011_A_184_E11	
TBR2	34.725	2024/11/08	PTTV	UKBi011_A_184_E11	
TBX3	35	2024/11/08	PTTV	UKBi011_A_184_E11	
TBX3	33.96	2024/11/08	PTTV	UKBi011_A_184_E11	
TFF3	35	2024/11/14	PTTV	UKBi011_A_184_E11	
TH	35	2024/11/14	PTTV	UKBi011_A_184_E11	
TH	35	2024/11/14	PTTV	UKBi011_A_184_E11	
TMEM119	30.86	2024/11/14	PTTV	UKBi011_A_184_E11	
TMEM119	30.63	2024/11/14	PTTV	UKBi011_A_184_E11	
TPBG	24.61	2024/11/14	PTTV	UKBi011_A_184_E11	
TPBG	24.855	2024/11/14	PTTV	UKBi011_A_184_E11	
TREM2	35	2024/11/14	PTTV	UKBi011_A_184_E11	
TRKA_v2	33.94	2024/11/13	PTTV	UKBi011_A_184_E11	
TRKA_v2	31.965	2024/11/13	PTTV	UKBi011_A_184_E11	
VAChT	34.45	2024/11/13	PTTV	UKBi011_A_184_E11	
VAChT	33.87	2024/11/13	PTTV	UKBi011_A_184_E11	
VGLUT1	30.96	2024/11/08	PTTV	UKBi011_A_184_E11	
VGLUT1	32.29	2024/11/08	PTTV	UKBi011_A_184_E11	
VIP_v2	35	2024/11/13	PTTV	UKBi011_A_184_E11	
VIP_v2	35	2024/11/13	PTTV	UKBi011_A_184_E11	
VSX2	32.14	2024/11/13	PTTV	UKBi011_A_184_E11	
VSX2	32.6	2024/11/13	PTTV	UKBi011_A_184_E11	
WNT1	35	2024/11/14	PTTV	UKBi011_A_184_E11	
WNT3A	35	2024/11/14	PTTV	UKBi011_A_184_E11	
WNT3A	35	2024/11/14	PTTV	UKBi011_A_184_E11	
ZEB2	35	2024/11/13	PTTV	UKBi011_A_184_E11	
ZEB2	34.055	2024/11/13	PTTV	UKBi011_A_184_E11	
c.MYC	33.755	2024/11/08	PTTV	UKBi011_A_184_E11	
c.MYC	35	2024/11/08	PTTV	UKBi011_A_184_E11	
